{
  "folds": 15,
  "avg_sharpe": 0.012985508925781698,
  "avg_return_%": 0.2340247511353082,
  "avg_max_dd_%": -9.909622394610418,
  "trades_sum": 0
}