{
  "folds": 15,
  "avg_sharpe": 0.0898486668753637,
  "avg_return_%": 0.665920220415981,
  "avg_max_dd_%": -12.00884301490418,
  "trades_sum": 0
}