{
  "folds": 15,
  "avg_sharpe": 0.059365689229698045,
  "avg_return_%": 1.1610632791777462,
  "avg_max_dd_%": -16.183076885915504,
  "trades_sum": 0
}