{
  "folds": 14,
  "avg_sharpe": 0.6414083188857904,
  "avg_return_%": 0.0,
  "avg_max_dd_%": -0.01495486876517682,
  "trades_sum": 0
}