{
  "folds": 15,
  "avg_sharpe": -0.3275291641408447,
  "avg_return_%": -4.886043970332743,
  "avg_max_dd_%": -11.71386372520823,
  "trades_sum": 0
}