{
  "folds": 15,
  "avg_sharpe": 0.01001866541049744,
  "avg_return_%": 0.10337551286259258,
  "avg_max_dd_%": -12.83515239972336,
  "trades_sum": 0
}