{
  "folds": 15,
  "avg_sharpe": 0.6763351274482365,
  "avg_return_%": 6.457569923391872,
  "avg_max_dd_%": -6.331057037997068,
  "trades_sum": 0
}