{
  "folds": 14,
  "avg_sharpe": 0.3262389120236424,
  "avg_return_%": 0.015413018139908672,
  "avg_max_dd_%": -0.06304813404760523,
  "trades_sum": 0
}