{
  "folds": 14,
  "avg_sharpe": 0.2970402433389803,
  "avg_return_%": 0.05131234819785459,
  "avg_max_dd_%": -0.21392792202425404,
  "trades_sum": 0
}