{
  "folds": 15,
  "avg_sharpe": -0.2930567908417379,
  "avg_return_%": -2.880406227218831,
  "avg_max_dd_%": -12.193185186278876,
  "trades_sum": 0
}