{
  "folds": 14,
  "avg_sharpe": 0.26256704976543715,
  "avg_return_%": 0.058653129127080324,
  "avg_max_dd_%": -0.28905999391906634,
  "trades_sum": 0
}