{
  "folds": 15,
  "avg_sharpe": -0.16681538810244334,
  "avg_return_%": -2.976984321165015,
  "avg_max_dd_%": -13.712535048907359,
  "trades_sum": 0
}