{
  "folds": 14,
  "avg_sharpe": 0.6307290350323953,
  "avg_return_%": 0.03934785256185569,
  "avg_max_dd_%": -0.06321725396696287,
  "trades_sum": 0
}