{
  "folds": 15,
  "avg_sharpe": -0.08395366190072204,
  "avg_return_%": -0.062329406035860305,
  "avg_max_dd_%": -1.1699142431352283,
  "trades_sum": 0
}