{
  "folds": 15,
  "avg_sharpe": -0.39305498854684884,
  "avg_return_%": -0.6386580100572319,
  "avg_max_dd_%": -1.739182254257876,
  "trades_sum": 0
}