{
  "folds": 15,
  "avg_sharpe": 0.019239987887342144,
  "avg_return_%": 0.018059516817345866,
  "avg_max_dd_%": -1.2031960536695419,
  "trades_sum": 0
}