{
  "folds": 15,
  "avg_sharpe": 0.25483726083829267,
  "avg_return_%": 0.34397746463186923,
  "avg_max_dd_%": -1.6443632020734067,
  "trades_sum": 0
}