{
  "folds": 15,
  "avg_sharpe": -0.43197089101755415,
  "avg_return_%": -0.6896336021031456,
  "avg_max_dd_%": -1.713718753479021,
  "trades_sum": 0
}