{
  "folds": 15,
  "avg_sharpe": -0.61980566453465,
  "avg_return_%": -0.5905421427680557,
  "avg_max_dd_%": -0.9136281564667281,
  "trades_sum": 0
}