{
  "folds": 15,
  "avg_sharpe": -0.11031632874206553,
  "avg_return_%": -0.15719680011957826,
  "avg_max_dd_%": -1.6040156235404446,
  "trades_sum": 0
}