{
  "folds": 15,
  "avg_sharpe": -0.26653387676420076,
  "avg_return_%": -0.48756818190802004,
  "avg_max_dd_%": -1.7579894644499938,
  "trades_sum": 0
}