{
  "folds": 15,
  "avg_sharpe": -0.14500851985140098,
  "avg_return_%": -0.07077486315321585,
  "avg_max_dd_%": -0.6673539079502522,
  "trades_sum": 0
}