{
  "folds": 15,
  "avg_sharpe": 0.2006840356206469,
  "avg_return_%": 0.18586174699982802,
  "avg_max_dd_%": -0.7113634418352999,
  "trades_sum": 0
}