{
  "folds": 15,
  "avg_sharpe": 0.1882045506174258,
  "avg_return_%": 0.12323010979669925,
  "avg_max_dd_%": -0.6508319005774643,
  "trades_sum": 0
}