{
  "folds": 15,
  "avg_sharpe": 0.6602481655759879,
  "avg_return_%": 0.30104381020585425,
  "avg_max_dd_%": -0.6866214399765869,
  "trades_sum": 0
}