{
  "folds": 15,
  "avg_sharpe": 0.7196714496713452,
  "avg_return_%": 0.22425246868845713,
  "avg_max_dd_%": -0.3476991813848973,
  "trades_sum": 0
}