{
  "folds": 15,
  "avg_sharpe": 0.06708424482484025,
  "avg_return_%": 0.05467448429367505,
  "avg_max_dd_%": -0.4468946839677912,
  "trades_sum": 0
}