{
  "folds": 15,
  "avg_sharpe": -0.015339892962621417,
  "avg_return_%": -0.012331867929111468,
  "avg_max_dd_%": -0.9980274350840257,
  "trades_sum": 0
}