{
  "folds": 15,
  "avg_sharpe": 0.11731401482099114,
  "avg_return_%": 0.1687095718268829,
  "avg_max_dd_%": -1.08793033854091,
  "trades_sum": 0
}