{
  "folds": 15,
  "avg_sharpe": 0.27453879081585464,
  "avg_return_%": 0.3183563478607248,
  "avg_max_dd_%": -0.8452771330527575,
  "trades_sum": 0
}