{
  "folds": 15,
  "avg_sharpe": -0.08900748319578432,
  "avg_return_%": 0.0,
  "avg_max_dd_%": -1.229800907220946,
  "trades_sum": 0
}