{
  "folds": 15,
  "avg_sharpe": 0.1346169369462688,
  "avg_return_%": 0.040398146657564214,
  "avg_max_dd_%": -1.3442589328689247,
  "trades_sum": 0
}