{
  "folds": 15,
  "avg_sharpe": -0.06601638259315296,
  "avg_return_%": 0.0,
  "avg_max_dd_%": -1.13699440100401,
  "trades_sum": 0
}