{
  "folds": 15,
  "avg_sharpe": 0.2929578362103859,
  "avg_return_%": 0.22396032449314954,
  "avg_max_dd_%": -1.1018354710086609,
  "trades_sum": 0
}