{
  "folds": 15,
  "avg_sharpe": 0.41129996255718115,
  "avg_return_%": 0.21412233904398453,
  "avg_max_dd_%": -0.6309244572453632,
  "trades_sum": 0
}