{
  "folds": 15,
  "avg_sharpe": 0.4500104911053903,
  "avg_return_%": 0.0,
  "avg_max_dd_%": -1.2936047212726898,
  "trades_sum": 0
}