{
  "folds": 15,
  "avg_sharpe": 0.21848050397254315,
  "avg_return_%": 0.0,
  "avg_max_dd_%": -1.5748032636414666,
  "trades_sum": 0
}