{
  "folds": 15,
  "avg_sharpe": -0.3150004629576022,
  "avg_return_%": -0.380848711474071,
  "avg_max_dd_%": -1.641319244747097,
  "trades_sum": 0
}