{
  "folds": 14,
  "avg_sharpe": -0.22177152949493883,
  "avg_return_%": -3.158070222732916,
  "avg_max_dd_%": -16.146921579750444,
  "trades_sum": 0
}