{
  "folds": 15,
  "avg_sharpe": -0.3795626022039086,
  "avg_return_%": -0.4193820381338155,
  "avg_max_dd_%": -1.4484303225556827,
  "trades_sum": 0
}