{
  "folds": 14,
  "avg_sharpe": -0.8232025382648496,
  "avg_return_%": -10.328683051660736,
  "avg_max_dd_%": -18.46214101474883,
  "trades_sum": 0
}