{
  "folds": 15,
  "avg_sharpe": 0.03615222409657631,
  "avg_return_%": 0.04948594359465642,
  "avg_max_dd_%": -1.587389862268429,
  "trades_sum": 0
}