{
  "folds": 14,
  "avg_sharpe": 0.15614864699268666,
  "avg_return_%": 3.1557959061393994,
  "avg_max_dd_%": -13.69152911056441,
  "trades_sum": 0
}