{
  "folds": 14,
  "avg_sharpe": -0.21940477541577175,
  "avg_return_%": -3.5914800226051087,
  "avg_max_dd_%": -22.596806914081526,
  "trades_sum": 0
}