{
  "folds": 14,
  "avg_sharpe": -0.7220373784946925,
  "avg_return_%": -14.97666999156821,
  "avg_max_dd_%": -26.95670807681877,
  "trades_sum": 0
}