{
  "folds": 14,
  "avg_sharpe": 0.41357217125143214,
  "avg_return_%": 3.585056114903142,
  "avg_max_dd_%": -9.151109047532735,
  "trades_sum": 0
}