{
  "folds": 14,
  "avg_sharpe": -0.784430699800723,
  "avg_return_%": -3.8107927368168966,
  "avg_max_dd_%": -8.997190831521523,
  "trades_sum": 0
}