{
  "folds": 15,
  "avg_sharpe": -0.05648700852247144,
  "avg_return_%": -0.11966541320053511,
  "avg_max_dd_%": -2.142566808923607,
  "trades_sum": 0
}