{
  "folds": 14,
  "avg_sharpe": -0.6474718304444035,
  "avg_return_%": -10.187978605155369,
  "avg_max_dd_%": -23.467839604020156,
  "trades_sum": 0
}