{
  "folds": 15,
  "avg_sharpe": -0.3084510181192081,
  "avg_return_%": -0.35259134073773746,
  "avg_max_dd_%": -1.5310491260796755,
  "trades_sum": 0
}