{
  "folds": 14,
  "avg_sharpe": -0.44703411786952907,
  "avg_return_%": -3.278359223229607,
  "avg_max_dd_%": -11.648133523681526,
  "trades_sum": 0
}