{
  "folds": 15,
  "avg_sharpe": 0.25579511210595796,
  "avg_return_%": 0.2191800863827375,
  "avg_max_dd_%": -1.0691056346932792,
  "trades_sum": 0
}