{
  "folds": 15,
  "avg_sharpe": 0.2347231653165403,
  "avg_return_%": 0.41558380829429364,
  "avg_max_dd_%": -1.9736022187176627,
  "trades_sum": 0
}