{
  "folds": 14,
  "avg_sharpe": -0.120911508951102,
  "avg_return_%": 0.0,
  "avg_max_dd_%": -16.985009038895388,
  "trades_sum": 0
}