{
  "folds": 14,
  "avg_sharpe": 0.15445595531566506,
  "avg_return_%": 0.0,
  "avg_max_dd_%": -17.72081459679241,
  "trades_sum": 0
}