{
  "folds": 14,
  "avg_sharpe": -0.585501362448057,
  "avg_return_%": -9.392418083496878,
  "avg_max_dd_%": -21.65351393100677,
  "trades_sum": 0
}