{
  "folds": 15,
  "avg_sharpe": 0.14272132013198463,
  "avg_return_%": 0.26285379415389615,
  "avg_max_dd_%": -2.0253317003972593,
  "trades_sum": 0
}