{
  "folds": 14,
  "avg_sharpe": 0.057865053135105655,
  "avg_return_%": 0.1996927486317363,
  "avg_max_dd_%": -7.790827439073106,
  "trades_sum": 0
}