{
  "folds": 15,
  "avg_sharpe": -0.5562899095522963,
  "avg_return_%": -0.6413974041666807,
  "avg_max_dd_%": -1.3436718666918424,
  "trades_sum": 0
}