{
  "folds": 15,
  "avg_sharpe": -0.20514946693069172,
  "avg_return_%": -0.19129592240175408,
  "avg_max_dd_%": -1.5186578685681962,
  "trades_sum": 0
}