{
  "folds": 15,
  "avg_sharpe": -0.7080471558277937,
  "avg_return_%": -0.7282227388306637,
  "avg_max_dd_%": -1.7778813960822815,
  "trades_sum": 0
}