{
  "folds": 15,
  "avg_sharpe": -0.353298318728673,
  "avg_return_%": -0.2811680851327255,
  "avg_max_dd_%": -1.778568801551994,
  "trades_sum": 0
}