{
  "folds": 15,
  "avg_sharpe": -0.712936399931312,
  "avg_return_%": -0.7739466619788873,
  "avg_max_dd_%": -1.6678334092365632,
  "trades_sum": 0
}