{
  "folds": 15,
  "avg_sharpe": 0.052554028254137956,
  "avg_return_%": 0.04449477424821816,
  "avg_max_dd_%": -0.915071928449751,
  "trades_sum": 0
}