{
  "folds": 15,
  "avg_sharpe": -0.6624973974994468,
  "avg_return_%": -1.1089731576181368,
  "avg_max_dd_%": -1.9870279544521363,
  "trades_sum": 0
}