{
  "folds": 15,
  "avg_sharpe": 0.029321638821071007,
  "avg_return_%": 0.08310630302046774,
  "avg_max_dd_%": -1.9412430103663891,
  "trades_sum": 0
}